tema,trecho
educacao,"didos. mas o povo hoje principalmente das grandes cidades, está pavorado, a mulher, a dona de casa não pode sair à noite de casa, o jovem quando vai estudar na universidade ele volta para casa a tremenda de medo, o trabalhador, quando está num turro da noite idade, quando eu for o governo, para mim bandido e bandido, e bandido va"
educacao,"studo para o gol. senhor paulo máguer, sua réplica final, um minuto. eu gostaria que ninguém neste país deixasse de estudar por falta de dinheiro. não houvesse escola pública para todos, as escolas privadas, aqueles que não pudessem estudar, vai seberir uma bolsa de estudos. não sei quando eu chamo a arucomas concordou comi"
educacao,"brasileiro deve olhar entre nós e vir aquele que pode representar este não que ele tem abafado no seu peito. é isso que eu digo a você, meu irmão e minha irmã. escola entre nós, você poderá que encontrar também gente digna para você dar o seu ronto. mas escolhe o nosso país, precisa, você não pode errar. escolhe entre nós a"
educacao,"gócio como outro qualquer, uma casa lotérica, onde seja fiscalizado pelo ministério da fazenda, tenha contabilidade, pague imposto e esse imposto, financi, é o aluno pobre, então passa a ter um objetivo altamente social. este é um oponso de vista claro. agora quem defende o contrário, é porque quem sabe, está querendo ser"
educacao,"debate está sendo transmitido pela 50 emissoras filiadas ao sbt em todo o território nacional pela tv gazeta de são paulo, por emissoras de tv independentes e educativas de todo o país e também pela rádio jovem pan de são paulo. nós votamos daqui a pouco com a hora da decisão. o último debate do primeiro turno. já temos o quad"
educacao,"hora do seu sivio santos, que o, inclusive, estimulou a ir para a vida pública para atender a parte social, que é para de casa própria, comida, saúde pública e educação, e eu quero que eleiterar, que eu, na presidência da república, pela vontade do povo e pela minha vontade, sivio santos estará do meu lado, na presidência, cu"
educacao,"pos de listos, esse sim, que tem que ser reprimido muito africazmente. mas só gostaria de terminar lembrando uma coisa. quando nós falamos muito do problema da educação desse marido, que queremos uma educação em que o estado garante ela pública e gratuito, nós vemos uma distinção com a candidatura paulo máguer. ele quer inclu"
educacao,"reprimido muito africazmente. mas só gostaria de terminar lembrando uma coisa. quando nós falamos muito do problema da educação desse marido, que queremos uma educação em que o estado garante ela pública e gratuito, nós vemos uma distinção com a candidatura paulo máguer. ele quer inclusive a legalização do jogo do bicho para"
educacao,"iste o ministério da fazenda fiscalizando e que os lucros não vão para a corrupção, mas que os lucros veiam para um objetivo absolutamente social, ou seja, dar educação ao nosso japonês. é preciso nesses assuntos, não perdoa as caras, gil. é ter uma cara só. vamos agora aos comerciais e dentro de alguns instantes voltamos com"
educacao,"dívida externa. não é resolver o problema da inflação que está comendo o seu salário, não é resolver o problema da dívida interna, não é resolver o problema da educação da saúde pública, da posantadoria, não é resolver o problema da casa própria. tudo isso vocês viram, e eu tenho certeza que demonstrei que um homem competente"
educacao,"máguer, sua réplica final, um minuto. eu gostaria que ninguém neste país deixasse de estudar por falta de dinheiro. não houvesse escola pública para todos, as escolas privadas, aqueles que não pudessem estudar, vai seberir uma bolsa de estudos. não sei quando eu chamo a arucomas concordou comigo que o jogo do bicho não deve"
educacao,", por isso é o candidato. aprendi sobre tudo quando passei pela prefeitura do são paulo, num convívio de uma intimidade muito grande com essa população, que me ensinou lições políticas extraordinárias. foi com esse povo que eu aprendi, que ela prefere muitas vezes, o não discutido do que não sim que ele sabe que não vai ser"
educacao,"bicho, ele deixa de ser uma contraversão. e eu proponho essa legalização de maneira muito clara e corajosa, 50% da renda líquida do jogo do bicho, vai para as universidades, para financiar as bolsas dos alunos pobres que não podem estudar, em vez de engordar a polícia, em vez de engordar certos ex-governadores, em vez de engordar"
educacao,"idatos. eu acho que o jogo do bicho, é alguma coisa que é contraversão nesse país e até que o senhor é transforme, na sua nova itareva, de fazer as sustentadas universidades, fazer as sustentadas universidades. ele não deve ser nenhum instrumento de requescimento e listo para instituições oficiales, eu acho que seja razoável que o"
educacao,"é alguma coisa que é contraversão nesse país e até que o senhor é transforme, na sua nova itareva, de fazer as sustentadas universidades, fazer as sustentadas universidades. ele não deve ser nenhum instrumento de requescimento e listo para instituições oficiales, eu acho que seja razoável que os candidatos os procurem com objetiv"
educacao,"eu proponho essa legalização de maneira muito clara e corajosa, 50% da renda líquida do jogo do bicho, vai para as universidades, para financiar as bolsas dos alunos pobres que não podem estudar, em vez de engordar a polícia, em vez de engordar certos ex-governadores, em vez de engordar corruptos, que o jogo do bicho secun"
educacao,"rios, não participei do conchavo nem do jogo baixo daqueles que costumam para crescerem tentar diminuir seus pares. com invernades, um júria, um calúnia, um de formação, cuipocresia. eu sofri, sim. sofri na hora que quiseram chamar de omíso, alguém que exatamente lutou para que nós tivéssemos a liberdade de poder discutir rea"
economia,"strei de maneira clara porque desejo ser presidente da república com interesse público, e resolver os problemas da dívida externa. não é resolver o problema da inflação que está comendo o seu salário, não é resolver o problema da dívida interna, não é resolver o problema da educação da saúde pública, da posantadoria, não é re"
economia,"l foi criado. o banco capta, propança popular para facilitar investimentos produtivos, para financiar produção, para ofertar créditos, para as empresas, para a economia que tenha uma atividade produtivo. não para a especulação. banco hoje do brasil vive muito mais da especulação dos títulos mobiliários do governo, do mercado"
economia,"nco rural. é um banco especializado para interéssimos as propriedades agrícolas. e o banco do brasil tem um funcionário estupendo para esta finalidade. a caixa econômica federal também está tal, tem um funcionário estupendo para financiar a casa própria. e o sistema particular deve financiar a pequena e a média empresa. ou sej"
economia,média e a micro-empresa através do sistema privado que não deve ser um sistema de captação somente para o governo. eu acredito que esse sistema pode arrancar a economia brasileira. o candidato guilherme a fife do bingo e o candidato luis de nasso nuro rassilva pediram pela ordem a partes. cada um deles tem um minuto inicialme
economia,"rtorial que foi implantado no brasil com as cartas patentes para alguns bancos privados, verdadeiros monopólios e pior ainda, porque formaram o link opólios na economia, porque não ficar apenas o sistema financeiro, e aquele que defende talvez o sistema que é está. exatamente o sistema que vai dar captação dos recursos públic"
economia,"solicitou uma parte, tem um minuto para falar. eu quero dizer que realmente, depois de cinco debates, eu acho que para tirar o brasil desta posição de atoleiro econômico, que a causa de todos os males a pessoa tem ter competência, seriedade, coherência e experiência. não vi no seu lula poder ser virador, não vi ele poder ser p"
economia,"debates, que os solucionais de lula do ácido me desculpen, não vai ficar triste, não entende nada de orçamento, não entende nada de grande, não entende nada de economia, eu acho que ele foi reprovado agora aqui nesta primeira época, eu queria que fiz, é uma segunda época em 1994, aí quem sabe ele volta mais experiente, não fi"
economia,"rema, então, quando lola assume essa posição de espisotiana memória do velho de túlio, alguém que deu um tiro no coração, deixando aquela carta, que defendeu a economia nacional, que tinha uma concepção grandiosa da vida desse país, que fez votar redondo, que fez o que fez na economia brasileira, como ele não está esgotado, p"
economia,"ção, deixando aquela carta, que defendeu a economia nacional, que tinha uma concepção grandiosa da vida desse país, que fez votar redondo, que fez o que fez na economia brasileira, como ele não está esgotado, perfeito, convenhamos, e ainda é contra os cephos, e a grande urionel brisouro na manina mais brutal, eu não levei a s"
economia,"izar o jogo do bicho, não oficializá-lo, tirar das bondes banqueiros, essa massa de dinheiro, circulando ilegalmente, corrompendo, por que não colocar na caixa econômica e não fazer com que se patique esse sistema de apostas normalmente, como corre, por exemplo, na uruguai, lá tem o jogo das quineslas, que é um jogo parecido c"
economia,"o. na constituinte, nós tivemos uma mobilização de toda a sociedade brasileira, de todos os interesses, de todos os<|zh|> iniciatores, culturais, intelectuais, econômicos, sindicais, corporativos, ou seja, foi um período em que a sociedade brasileira, a cidadania, avançou e avançou na consciência. talvez alguns constituintes nã"
economia,"e temos nós. por que não vê que todo o sistema dos meses de comunicação no brasil fazem parte de toda uma super estrutura que está comprometida com este modelo econômico? eu, na minha avaliação, com a minha experiência que vem de longe, se a imprensa brasileira tivesse sentado pé na hora que implantava a ditadura, não se manti"
economia,"nopólios que estão usados indevinamente neste país. beneficios cartórios que estão sendo concedidos aos meios de divulgação para o que, para manter este modelo econômico que levou esse país ao desastre. de novo, esse país ao desastre. o futuro vai demonstrar que o sistema de imprensa de comunicação no brasil entrou nessa compl"
economia,"ao desastre. de novo, esse país ao desastre. o futuro vai demonstrar que o sistema de imprensa de comunicação no brasil entrou nessa complicidade de um modelo econômico que está elevando o nosso país para o atolheiro, humilhando o nosso povo, o nosso país, destruindo o padrão de vida, contribuindo para enriquecer uma minoria"
economia,"um lado todos os médicos comunicações utilizados na maioria do seu tempo, 55% do seu tempo utilizado para defender os interesses da classe dominante dos grupos econômicos, você tem mais 30% do tempo utilizado para defender os interesses do governo e apenas 15% do serviço do restante do conjunto da sociedade. é lógico que, do je"
economia,"então acontece que as grandes empresas, eu já ouqueçam as grandes verbas, que gostam de concessões fiscais, especialíssimas, e elas as grandes consórcios numa economia cartorializado e cartelizada com uma economia brasileira, o que acontece? esses grupos superiores praticamente controlam a linha de orientação da imprensa por"
economia,"ouqueçam as grandes verbas, que gostam de concessões fiscais, especialíssimas, e elas as grandes consórcios numa economia cartorializado e cartelizada com uma economia brasileira, o que acontece? esses grupos superiores praticamente controlam a linha de orientação da imprensa porque sustenta a imprensa. nós precisamos encont"
economia,"e candidato seu realmente usa amigos que estão com ele. aqueles que realmente estão na sua vice-presidência não vieram de conchávulos e nem de acordo de grupos econômicos e nem de cumpro das partidárias vieram-se para unir o brasil que produz e o brasil que trabalha. e nessa hora, a produção, mas o financiamento, vai tirar este"
economia,"um candidato tem que demonstrar, que um profissional tem que demonstrar é quando ele faz um teste para fazer alguma coisa, um jovem jamais consegue o primeiro emprego, porque toda vez que ele chega pro cura imprega alguém pede para ele três anos de experiência, se ele não tem, nunca tem a primeira chance. eu acho que a expe"
economia,"añato. eu falo aqui com a experiência como médico que já viram meu consultório e já tindi dezenas de jovens, desencantados, sem esperança e sem oportunidade de emprego de vencer. e por isso, optaram por este caminho. o momento agora é exatamente o jovem de você acreditar não nesse caminho da droga, porque isso não leva nada."
economia,"em trabalha, de quem produz. mas o que está acontecendo hoje, todos nós estamos empobrecendo, sim, porque? o brasil que trabalha, que produz, o brasil que gere emprego, que pague impostos esse brasil cada dia, está sendo destruído pelo brasil que a geota, que corrompe e que especula. e para quebrar isso? não adianta ficar em"
economia,"do berlim ter caído, mas nós queremos ser candidato para derrubar o muro aqui do brasil, que é o muro da vergonha, o muro da miséria, o muro da fome, o muro do desemprego, o muro que tem separado 12 milhões de trabalhadores de ter acesso a terra para trabalhar. nós queremos ser, perdendo a época, porque acreditamos na possibili"
economia,"u sou um profissional liberal, eu sou médico, eu sou um produtor rural, hoje candidata a presidência da república. o que é que cara se dá danfaz ao ir para seu trabalho ou pretear um cargo ele realmente tem que estar informado, ele tem que levar aquilo, que é fundamental para ele poder debateir e discutir como no evento desse"
economia,"durante o debate, o sur vai se preocupar mais em apresentar as suas ideias, do que atacar outros candidatos, e já existe até um ataque histórico ao partido dos trabalhadores ao candidato lula? veja, vai manter essa posição? veja meu povo, dizer a verdade no brasil, hoje em dia chama ataque. nós realmente aprendemos que não sabemos"
economia,"de sempre, não mudo nem as origem, nem a maneira de ser. você pode ter certeza que não sou político profissional. ok. realmente um profissional da produção do trabalho. ok, muito obrigado, eu estou ronaldo caíade. o enzo governador lula, o lula, o presólogo parece que quase é a parte de oufinal dessa entrevista, ou não, o go"
economia,"falou em democracia, para ser bem democrático mesmo, falta ouvir o antes do debate, o candidato luiz e o nácio lula da silva, o candidato lula, do partido dos trabalhadores, o melhor dizendo da frente brasil popular. e já está com fotos, para muitos, para a peste também aí, luiz? é o suficiente. para defesa ou para a ataque? não,"
economia,"ial da casa própria, da saúde pública, da comida, da previdência social. olha, se depender de mim e depender da vontade do povo, silvio santos vai estar comigo trabalhando. é uma agogia, ele trabalhando com isso. syllable magogia, puxando o saco do silvio santos aqui na televisão. e aí, é que ele é brato. sobre ele e o marro de"
economia,"ública, da comida, da previdência social. olha, se depender de mim e depender da vontade do povo, silvio santos vai estar comigo trabalhando. é uma agogia, ele trabalhando com isso. syllable magogia, puxando o saco do silvio santos aqui na televisão. e aí, é que ele é brato. sobre ele e o marro de equilibrado. e aí, é que o isto"
economia,"erente da existência do brasil, 40 dos quais tiveram que ser vendido para rede ferroviar o federaco, pode ser aproveitado. construiu uma roda ouvia com uma dos trabalhadores que custou 350 milhões de dólares, ou seja, 6,4 milhões de dólares do quilômetro, 3 vezes o que custou abandonantes, construiu de independente antes. acho que"
economia,"ntinuar sobre esse assunto. esse assunto da lubeca não está encerrado, isso é muito grave. e sabe por quê? o delegado queria tranquilidade para poder continuar trabalhando. para poder chegar no final, eu falo, meu senhor, ele estrapoulo bastante tempo. vamos lidar, eu queria dizer o seguinte, eu me enloco. eu queria dizer o segu"
economia,"feito. nossa filhação a essa linha político social da vida brasileira, ela é muito consciente. porque quando o getulho vagas foi derrubado em 45, só ficaram os trabalhadores ao lado dele. os capitalistas ficaram contra os militares, ficaram contra as empresas de transjeiras, contra, as elitas brasileiras, todas as contas, só ficar"
economia,"ado dele. os capitalistas ficaram contra os militares, ficaram contra as empresas de transjeiras, contra, as elitas brasileiras, todas as contas, só ficaram os trabalhadores, que saíram para as ruas e defender o nome dele. aí eu me filhei a esse movimento. eu era criança, menor no tempo do estado novo, quem se beneficia ao estado"
economia,"e estavam lá em plena ditadura. depois ficaram contra porque ele caiu e eles precisavam continuar com o governo. não, nós ficamos com o getulho da legislação o trabalho. legislação sindical, que indicada por uns, agora sindicalistas que montam assim na história de antes de mim e depois de mim. mas, no entanto, em plena ditadu"
economia,"o tomada do fascismo, mas era uma época em que a polícia era municipal, em que patronal a igreja era contra o sindicato, que não era possível nunca um grupo de trabalhadores fundar o sindicato e como presentem vargas, que ia que se criasse o sindicato, dava proteção do exército, o exército deu proteção, aí não era essa assembleia"
economia,"undar o sindicato e como presentem vargas, que ia que se criasse o sindicato, dava proteção do exército, o exército deu proteção, aí não era essa assembleia de trabalhadores para constituir o seu sindicato, tanto que o lola, quando chegou, aí não abc já encontrou o sindicato funcionando, ele não adregou nada a não ser a presença d"
economia,"esinha empresarial, com a estrutura pélega, o pt se absteve, se absteve, por quê? porque foi mantido o imposto sindical, em cima do qual, se tira o dinheiro do trabalhador, se tira na maga, porque a capa da veja mostra que 90% dos operários brasileiros não são sindicalizados, para que pausasse indicado, para fazer política. e es"
economia,"es, está pavorado, a mulher, a dona de casa não pode sair à noite de casa, o jovem quando vai estudar na universidade ele volta para casa a tremenda de medo, o trabalhador, quando está num turro da noite idade, quando eu for o governo, para mim bandido e bandido, e bandido vai trabalhar. ou seja, nós vamos instituir institutos p"
economia,"ele volta para casa a tremenda de medo, o trabalhador, quando está num turro da noite idade, quando eu for o governo, para mim bandido e bandido, e bandido vai trabalhar. ou seja, nós vamos instituir institutos penais agrícolas, onde o bandido vai se sustentar o seu salário, o seu trabalho e não através do salário do imposto d"
economia,"mim bandido e bandido, e bandido vai trabalhar. ou seja, nós vamos instituir institutos penais agrícolas, onde o bandido vai se sustentar o seu salário, o seu trabalho e não através do salário do imposto do povo. repressão não, segurança para a dona de casa, para mulher, segurança para o trabalhador e para o jovem, isto eu v"
economia,"ustentar o seu salário, o seu trabalho e não através do salário do imposto do povo. repressão não, segurança para a dona de casa, para mulher, segurança para o trabalhador e para o jovem, isto eu vou exigir dois governos estaduais, esta segurança ao povo brasileiro. o aparte é do candidato ronaldo do caíado. reputado, o que inte"
economia,"ecutivo e levá-la para o judiciário, para que ela se transforme na polícia de investigação, na polícia judiciária, porque aí nós teríamos melhores condições de trabalhar dentro do mesmo organismo a parte policial e a parte da justiça para que não haja injustiça e injustiça e nem a vitro, ficando logicamente a área das polícia-"
economia,"general que deu a ordem, ser do juiz, que deu autorização, ou ser da direção da própria empresa que pediu a que tu brisa acontecer. o dado concreto é que três trabalhadores estão mortos, três mulheres estão lá, padecendo crianças, padeçamos, e não achamos que isso não pode cair nesse quecimento. se ficarmos esperando que a classe"
economia,"as, padeçamos, e não achamos que isso não pode cair nesse quecimento. se ficarmos esperando que a classe dominante vai contar a história que interessa a classe trabalhadora, nós estamos prejudicados porque eles vão contar. então acho que a bem da história desse país, a bem da nossa sociedade, é importante a gente fazer com que a"
economia,"estar intervindo na favela, culpa tudo do guito da favela, e assim é o jogo do bicho. agora, eu só conselho de agregar o seguinte, o governador, que realmente trabalhou com o jogo do bicho abertamente, que eu me recordo, falava-se muitos dos governadores do pds por aí. eu não tenho provas, não vi muita gente viu até roleta em"
economia,"os dos governadores do pds por aí. eu não tenho provas, não vi muita gente viu até roleta em governos do pds aí pelo nordeste, mas ao governador, que realmente trabalhou com o jogo do bicho claramente, publicamente, foi o carlos da serra da udena. é isso, sim. agora, se por acaso há qualquer insinuação em relação, como dizem,"
economia,"o é acusado nessa campanha pelo próprio senador mario covas, de ter se omitido em votações importantes da constituinte e de ter votado contra os interesses dos trabalhadores em vários casos. o senhor é um omíso? primeiro lugar, essa resposta que não daria em ao senador. essa resposta eu dou ao meu militante que foi ofendido com es"
economia,"em ao senador. essa resposta eu dou ao meu militante que foi ofendido com esta acusação. sabe muito bem que não pode ser chamado de omíso, um parlamentar, que trabalhou contra a ditadura da sistematização, ou seja, uma comissão montada pelo senador mario covas, onde ele escolheu a dedo todos os relatores para fazer um projeto"
economia,"esença em plenário que se media a participação de um parlamentar na constituição. eu não poderia ser chamado de omiso com a projeção que eu tive exatamente nos trabalhos da constituição, defendendo o quê? as ideias liberais do choque de capitalismo que depois ele infelizmente ou não sei por quê, absorveu do seu discurso. comet"
economia,"ndidato roberto freire por gentiliza. não é bem discutir o problema da omissão, da participação em termos de votação, mas é discutir a importância que foi esse trabalho constituinte no país. talvez nós temos um período em que a sociedade brasileira mais se mobilizou muito mais do que nas diretas, que foi para um objetivo espe"
economia,"necessário dizer alguma coisa sobre o comportamento que dá o dr. porque todo mundo sabe que depois do surgimento da odr, a violência no campo aumentou e muitos trabalhadores morreram. a cada dois dias morrem um trabalhador nesse país em função da violência. eu estudiou o mostrinho debate da bandenanta e vou mostrar aqui o presiden"
armas_seguranca,"stões como da estatização do senhor da caria, e agora do problema dos aparelhos de repressão, dos instrumentos do aparelho do estado que se refere a questão da segurança pública ou da questão das instituições. é interessante salientar isso porque não vem perguntas sobre agressões sobre crítiques de candidatos. mas responder a você que"
armas_seguranca,"eoneau brisola. o jogo do bicho no brasil é como a favela, é como muitas vezes procura um colocar esse problema da droga, é uma penumbra através da qual atua a violência policial e a corrupção. por que não legalizar o jogo do bicho, não oficializá-lo, tirar das bondes banqueiros, essa massa de dinheiro, circulando ilegalmente,"
armas_seguranca,"nácio lula da silva. veja o que é desnecessário dizer alguma coisa sobre o comportamento que dá o dr. porque todo mundo sabe que depois do surgimento da odr, a violência no campo aumentou e muitos trabalhadores morreram. a cada dois dias morrem um trabalhador nesse país em função da violência. eu estudiou o mostrinho debate da"
armas_seguranca,"que depois do surgimento da odr, a violência no campo aumentou e muitos trabalhadores morreram. a cada dois dias morrem um trabalhador nesse país em função da violência. eu estudiou o mostrinho debate da bandenanta e vou mostrar aqui o presidente da odr, lula de goyais, dizendo que comprar 2.480 armas. isso é o jornal para o"
armas_seguranca,"essoas como faz a udr. o aparte foi solicitado pelo candidato leonel brissola. o nosso país está necessitando de um governo responsável, lucido que acabe com a violência do campo, que disarme os recúrios por aí, que compram armas e que, ao mesmo tempo, puem a ordem nesses grupelhos que estão ideologizando demasiadamente as que"
armas_seguranca,"s por aí, que compram armas e que, ao mesmo tempo, puem a ordem nesses grupelhos que estão ideologizando demasiadamente as questões do campo e fazendo também a violência da invasão das propriedades. um governo lucido que realmente trabalha pela democracização da propriedade que protege os seus camponeses sem terra, que usa a s"
armas_seguranca,"verno lucido que realmente trabalha pela democracização da propriedade que protege os seus camponeses sem terra, que usa a socie, que não permita que se faça a violência contra eles e que trabalhe de uma forma competente no sentido de criar o acesso à propriedade rural como também a propriedade semi-orbana no campo. eu acho qu"
armas_seguranca,"média propriedade há prosperidade da população. vamos fazer o que o nosso país realmente seja do nosso povo. para isso não precisamos incentivar nenhum tipo de violência. basta que há um governo que interprete a ordem jurídica, correctamente, e de assistência adequada aos camponeses sem terra, inclusive aquela assistência jurí"
armas_seguranca,"pletamente ultrapassado porque é anacrônico na moderna criminologia. e nenhum país do mundo que se teve pena de morte ou pena agravada se resolveu problemas de violência. isso daí tem dito, se tem com insíbil, exatamente o inverso. essas sociedades até incentivam a violência com as suas penas agravadas e com a pena de morte. a"
armas_seguranca,"na de morte ou pena agravada se resolveu problemas de violência. isso daí tem dito, se tem com insíbil, exatamente o inverso. essas sociedades até incentivam a violência com as suas penas agravadas e com a pena de morte. aqui estão matando. claro, não e aqui já tem pena de morte contra negro e pobre, isso se faz a doidade. a p"
armas_seguranca,"dente de qualquer nação civilizada deve ter a noção. não queremos caralgo que nos países onde existe penas gravosas ou pena de morte não resolver o problema de violência. mas nós devemos ser um pouco mais modernos nessa questão. a réplica final do senador maro colas. quanto a pena de morte eu estou entramente de acordo, eu sou"
armas_seguranca,"interior, os campos, a produção não existiriam as grandes cidades, as indústrias. e hoje, se dá dão urbão para poder-mos conterem esse grau de favelamento e de violência, precisamos da prioridade para o interior, para ir sim, darmos condições dignas de vida a todos nós que queremos nada mais do que sermos tratados com respeito"
armas_seguranca,"no canal do televisão, que passou 20 anos puxando o saco do regime autoritário. todo dia, que assistiu o programa do sido santos, era o mets e é coisa nossa. o armado falcão é coisa nossa. o que não havia isso? todo dia, a guerra é a canal do televisão. e eu acho que o tribunal deu uma lição, demoralização nas eleições. eu"
armas_seguranca,"rime na fiançava imprescritível. suja e tapena de reclusão nos termos da lei. o 54 diz o seguinte, constitui crime na fiançava imprescritível, a ação de grupos armados civis, omilitários, contra a hora de condicional, está democrático. e o 53 diz o seguinte, a lei considerará crimes inafiançáveis em seu seteve de graça, a an"
armas_seguranca,"ágrafo autônomo, assim como o tráfico de drogas e o sequerco. o que votou foi pela divisão, tal qual se colocou o racismo, tal qual se colocou a ação de grupos armados contra o estado democrático de direito. foma que hipótese nenhuma, eu fui contra a prática da... o que se quis foi na realidade de dizer, faz uma ligação de t"
armas_seguranca,"sse país em função da violência. eu estudiou o mostrinho debate da bandenanta e vou mostrar aqui o presidente da odr, lula de goyais, dizendo que comprar 2.480 armas. isso é o jornal para o senão melna do sator, é o jornal casando para o presidente da odr e o seu companheiro farina, querido o seguinte, salvador farina, pre"
armas_seguranca,"onel brissola. o nosso país está necessitando de um governo responsável, lucido que acabe com a violência do campo, que disarme os recúrios por aí, que compram armas e que, ao mesmo tempo, puem a ordem nesses grupelhos que estão ideologizando demasiadamente as questões do campo e fazendo também a violência da invasão das p"
armas_seguranca,"com isso. novos tempos de preparo nenhum especial para esse comício. proposto, em relação a esse comício na praça da cé, houve números bem divergentes hoje. a polícia militar anunciou 30 mil pessoas na praça da cé, a direção do pt, 300 mil pessoas, com quantas na sua opinião? eu nunca consigo colocar a número em comício. eu"
armas_seguranca,"igo colocar a número em comício. eu só acho que, engraçado nesse país, é quando as pessoas querem levantar número levanta, quando querem baixar, abaixo a mesma polícia militar que disse que tinha 30 mil, se é verdade que disse que tinha 30 mil e disse que tinha 300 mil na campanha das diretas, a polícia militar tem duas cara"
armas_seguranca,"baixar, abaixo a mesma polícia militar que disse que tinha 30 mil, se é verdade que disse que tinha 30 mil e disse que tinha 300 mil na campanha das diretas, a polícia militar tem duas caras, porque viu duas praças da cé diferente, porque eu participei de todos os eventos até agora na praça da cé, participei de todos os comi"
armas_seguranca,"praça da cé, não cabe na praça de homem, não cabe ir na praça, não cabe nem uma praça ali. por isso eu acho que não dá pra levar a cé, o número levantado pela polícia militar nos comícios de nenhum partido político. eu acho que não dá pra levar a cé, porque vai do gosto do comandante da polícia militar. se ele é amigo do ca"
armas_seguranca,"a cé, o número levantado pela polícia militar nos comícios de nenhum partido político. eu acho que não dá pra levar a cé, porque vai do gosto do comandante da polícia militar. se ele é amigo do candidato, ele aumenta, se ele é inimigo do candidato, ele abaixo, ou seja, a verdade é que não é possível levar a cé, eu não sei s"
armas_seguranca,"aís. a próxima pergunta é do jornalista sergio rodino para o candidato ronaldo caíado. e o comentário é do deputado olígnia nasso rua da silva. eu to caíado. a polícia já disse, está nos jornais, que o senhor fez uma denúncia sem fundamento contra o pt, no caso loubeca. o pt agora pretende processá-lo por calúnia. só não ach"
armas_seguranca,"o pt agora pretende processá-lo por calúnia. só não acha que uma denúncia daquele tipo exigiria por almas mais concretas? o que eu disse, eu levei o depoente a polícia federal e ele depois. agora o que causa estranheza, sergio? o que causa de miração e estar recebendo? é agora, na reta final, o processo ter sido impedido. as"
armas_seguranca,"recusou a participar da seida, a camara municipal, para prestar o depoimento dele. segundo é que o próprio capatás que enraveru, para ir lá, só de ademuncer na polícia federal, depois retorna a polícia federal e diz que jamais utilizou, é qualquer acusação contra o pt, que ele jamais fez qualquer acusação. o parme é medido e"
armas_seguranca,"amara municipal, para prestar o depoimento dele. segundo é que o próprio capatás que enraveru, para ir lá, só de ademuncer na polícia federal, depois retorna a polícia federal e diz que jamais utilizou, é qualquer acusação contra o pt, que ele jamais fez qualquer acusação. o parme é medido em que o tse, tardiamente, invoca o"
armas_seguranca,"empresa publicar um vídeo que eu mostrei para a empresa com o contra-cheque, que nem o quanto tempo você está indo. que nem o banco se entrava a chava e nem a polícia chava, nós através de um bancário conseguimos achar esse famoso cheque. replica final do canal do caíado. eu vou querer o meu tempo. o que eu quero deixar cla"
armas_seguranca,"e mataram sem de calistas, em plena operação o ban, quer dizer, essa crítica de que realmente foi uma legislação tomada do fascismo, mas era uma época em que a polícia era municipal, em que patronal a igreja era contra o sindicato, que não era possível nunca um grupo de trabalhadores fundar o sindicato e como presentem varga"
armas_seguranca,"ante salientar isso porque não vem perguntas sobre agressões sobre crítiques de candidatos. mas responder a você que num regime democrático, você tem que ter a polícia e todo o aparelho de repressão para garantir os direitos do cidadão. nunca para limitar o restringido, como foram as experiências dos aparelhos de repressão o"
armas_seguranca,"ção. os aparelhos de repressão e absoluto existiram, o que vai existir uma ordem constitucional, o exército, marinho aeronautica, com a sorte constitucional, a polícia civil e a polícia militar. agora, o que é muito importante, é que direitos humanos não valham somente para bandidos. mas o povo hoje principalmente das grande"
armas_seguranca,"de repressão e absoluto existiram, o que vai existir uma ordem constitucional, o exército, marinho aeronautica, com a sorte constitucional, a polícia civil e a polícia militar. agora, o que é muito importante, é que direitos humanos não valham somente para bandidos. mas o povo hoje principalmente das grandes cidades, está pa"
armas_seguranca,"hoje em dia. tudo bem, pode ficar, não, não, não, sou respondo depois o próximo aparte de um deputado guilherme afife do mico. por utiliza a colocação sobre o polícia, e eu sei que na própria constituição nós tivemos uma preocupação e foi um dos capítulos mais importantes, foi a garantia dos direitos individuais e coletivos"
armas_seguranca,"oi a garantia dos direitos individuais e coletivos. eu tenho um ponto de vista e vamos forçar dentro do governo para que isto aconteça. a nossa ideia é tirar a polícia a se viu na órbita do executivo e levá-la para o judiciário, para que ela se transforme na polícia de investigação, na polícia judiciária, porque aí nós tería"
armas_seguranca,"o do governo para que isto aconteça. a nossa ideia é tirar a polícia a se viu na órbita do executivo e levá-la para o judiciário, para que ela se transforme na polícia de investigação, na polícia judiciária, porque aí nós teríamos melhores condições de trabalhar dentro do mesmo organismo a parte policial e a parte da justiça"
armas_seguranca,"conteça. a nossa ideia é tirar a polícia a se viu na órbita do executivo e levá-la para o judiciário, para que ela se transforme na polícia de investigação, na polícia judiciária, porque aí nós teríamos melhores condições de trabalhar dentro do mesmo organismo a parte policial e a parte da justiça para que não haja injustiça"
armas_seguranca,"e ela se transforme na polícia de investigação, na polícia judiciária, porque aí nós teríamos melhores condições de trabalhar dentro do mesmo organismo a parte policial e a parte da justiça para que não haja injustiça e injustiça e nem a vitro, ficando logicamente a área das polícia-as-militares por conta do executivo. eu gos"
armas_seguranca,"trabalhar dentro do mesmo organismo a parte policial e a parte da justiça para que não haja injustiça e injustiça e nem a vitro, ficando logicamente a área das polícia-as-militares por conta do executivo. eu gostaria do seu ponto de vista a respeito de um comentário ou de uma ideia como esta, lançada a debate. a réplica fina"
armas_seguranca,"esta, lançada a debate. a réplica final é do candidato roberto freire. é, tenho uma constipção de íntimo que nós votamos e fomos derrotados, que deveria ver a polícia judiciária vinculada ao ministério público e, portanto, separado do executivo. é a experiência inclusiva no norte-americano e italiana das democracias mais de"
armas_seguranca,"lico e, portanto, separado do executivo. é a experiência inclusiva no norte-americano e italiana das democracias mais desenvolvidas. agora, não pode ser toda a polícia vinculada ao judiciário, porque há uma parte da polícia que é preventiva e repressiva. repressão autràfico, e isso não pode ser do ministério público nem muit"
armas_seguranca,"inclusiva no norte-americano e italiana das democracias mais desenvolvidas. agora, não pode ser toda a polícia vinculada ao judiciário, porque há uma parte da polícia que é preventiva e repressiva. repressão autràfico, e isso não pode ser do ministério público nem muito menos do poder judiciário e seria que ficar com o pode"
armas_seguranca,"gora, eu acho que nós precisamos etir uma visão clara da ordem jurídica e um governante que interprécie a ordem jurídica corretamente em relação aos organismos policiais, a ação da polícia e o que quer a construição. porque a construição tem duas caras, as oligarquias, supõem ali o que querem para o primir a população. agora,"
armas_seguranca,"precisamos etir uma visão clara da ordem jurídica e um governante que interprécie a ordem jurídica corretamente em relação aos organismos policiais, a ação da polícia e o que quer a construição. porque a construição tem duas caras, as oligarquias, supõem ali o que querem para o primir a população. agora, quando há um govern"
armas_seguranca,"entender como o bloquinho com o jogo do bicho. então quem ganha com o jogo do bicho? vamos aqui falar linguagem da verdade. quem ganha com o jogo do bicho e a polícia, na maioria das vezes, imoral e corrupta, que dá proteção a uma contraversão. ou certos governadores ou ex-governadores que cobraram pedagem do banqueiro do j"
armas_seguranca,"ajosa, 50% da renda líquida do jogo do bicho, vai para as universidades, para financiar as bolsas dos alunos pobres que não podem estudar, em vez de engordar a polícia, em vez de engordar certos ex-governadores, em vez de engordar corruptos, que o jogo do bicho secundou um negócio como outro qualquer, uma casa lotérica, onde"
armas_seguranca,"enda. quem comenta a pergunta, é o senador mario collas. eu tenho uma época de acordo com um dr. paulo malofi. eu acho que o jogo do bicho não deve sustentar a polícia, não deve sustentar a governadores, nem deve sustentar a candidatos. eu acho que o jogo do bicho, é alguma coisa que é contraversão nesse país e até que o sen"
armas_seguranca,"sola. o jogo do bicho no brasil é como a favela, é como muitas vezes procura um colocar esse problema da droga, é uma penumbra através da qual atua a violência policial e a corrupção. por que não legalizar o jogo do bicho, não oficializá-lo, tirar das bondes banqueiros, essa massa de dinheiro, circulando ilegalmente, corrompe"
armas_seguranca,"é a legalização ainda, mas é pelo menos a aceitação de que o jogo do bicho existe, e não deve ser reprimido até para justificar corrupção de certos setores da polícia, porque é bom também a gente não meter toda a polícia. vamos meter parte dessa polícia que faz da contravenção e da repressão uma forma de ganhos e listos. po"
armas_seguranca,"e que o jogo do bicho existe, e não deve ser reprimido até para justificar corrupção de certos setores da polícia, porque é bom também a gente não meter toda a polícia. vamos meter parte dessa polícia que faz da contravenção e da repressão uma forma de ganhos e listos. por exemplo, no estado de perlan buc, o jogo do bicho é"
armas_seguranca,"ão deve ser reprimido até para justificar corrupção de certos setores da polícia, porque é bom também a gente não meter toda a polícia. vamos meter parte dessa polícia que faz da contravenção e da repressão uma forma de ganhos e listos. por exemplo, no estado de perlan buc, o jogo do bicho é quase que legalizado, é quase que"
armas_seguranca,"queles que não pudessem estudar, vai seberir uma bolsa de estudos. não sei quando eu chamo a arucomas concordou comigo que o jogo do bicho não deve favorecer a polícia nem as governadoras e nem candidatos. não sei se está favorecendo a sua candidatura. a minha é absoluto não, porque todo mundo sabe que eu fui absolutamente e"
religiao,"crítica e a estrutura sindicap. a segunda coisa eu queria dizer, por brisola, que a segunda vez que diz isso, é uma coisa que eu acho importante. eu acho, e do graças a deus, de ter saído na capa da revista vez, na capa deste tué, é uma pena que não ter saído na capa da contigo, da manchete, ainda, espero conquistar. agora, eu ach"
religiao,"amília. o seu deveria trazer era o processo e não somente uma página de jornal. e minha gente, você pode ter certeza que nós estamos aberto para debater porque graças a deus não temos nada que esconder e nem nada de negar o nosso passado muito menos a minha família, porque a minha família sempre teve uma posição clara com todos os"
religiao,"dar um tiro no seu coração, e vi essas injustiças com o trajucilino, esse grande patriota que também para resgatar sua imagem, só resgatar o depós de bordo, eu graças a deus, minha gente, eu consegui resgatar minha imagem ainda em vida, porque em 1985, quando eu fui candidato a presidente, disseram que eu era um mal e que os outro"
religiao,"idato paulo marufi. comitário do candidato mario covas. sou paulo marloufio, se eu tenha se apresentado como um homem correto, sério, de família, profundamente religiosa, agora pouco, reiterou que pretende dar segurança a família, a dona de casa. mas durante a campanha, o seu teve na baixa, da fluminense, e participou de um al"
religiao,"idente da república. quem responde a pergunta agora é o candidato paulo malofi. nesse 60 dias, do horário eleitoral gratuito, com a ajuda de deus, eu, um homem religioso e cristão, fiz uma campanha alta, sem agressão a ninguém, e mostrei de maneira clara porque desejo ser presidente da república com interesse público, e resolv"
religiao,"ção o ban, quer dizer, essa crítica de que realmente foi uma legislação tomada do fascismo, mas era uma época em que a polícia era municipal, em que patronal a igreja era contra o sindicato, que não era possível nunca um grupo de trabalhadores fundar o sindicato e como presentem vargas, que ia que se criasse o sindicato, da"
religiao,"do movimento popular, da experiência rica do que é o movimento popular, da experiência rica, de que o povo não está precisando de um messia, de um oséid, de um deus, o povo está precisando de um companheiro que desculpa com o povo a soluções coletivas que precisa ser da edad a esse país. nesse aspecto, eu me sinto altamen"
religiao,"prêmo, eu resolvi para que a minha vida pública fosse cristalina, que é um grupo de empresários decimos os carros com o nosso dinheiro, com o nosso rosto. e se deus permitia, em 90, nós vamos dar em brasília, sabe? emediato, não vai dizer que isso é um paulo. em brasil é um grupo de empresários, vai dar para o tétrica cam"
religiao,"a estrutura sindicap. a segunda coisa eu queria dizer, por brisola, que a segunda vez que diz isso, é uma coisa que eu acho importante. eu acho, e do graças a deus, de ter saído na capa da revista vez, na capa deste tué, é uma pena que não ter saído na capa da contigo, da manchete, ainda, espero conquistar. agora, eu ach"
religiao,"seu deveria trazer era o processo e não somente uma página de jornal. e minha gente, você pode ter certeza que nós estamos aberto para debater porque graças a deus não temos nada que esconder e nem nada de negar o nosso passado muito menos a minha família, porque a minha família sempre teve uma posição clara com todos os"
religiao,"enhor quer ser presidente da república. quem responde a pergunta agora é o candidato paulo malofi. nesse 60 dias, do horário eleitoral gratuito, com a ajuda de deus, eu, um homem religioso e cristão, fiz uma campanha alta, sem agressão a ninguém, e mostrei de maneira clara porque desejo ser presidente da república com int"
religiao,"ro no seu coração, e vi essas injustiças com o trajucilino, esse grande patriota que também para resgatar sua imagem, só resgatar o depós de bordo, eu graças a deus, minha gente, eu consegui resgatar minha imagem ainda em vida, porque em 1985, quando eu fui candidato a presidente, disseram que eu era um mal e que os outro"
religiao,"idor público. me ajude companheiro, porque vamos mostrar mais uma vez que vamos levar essa bandeira ao planal de central e que vamos cravá-la com a vitória. se deus quiser, num primeiro turno, agora no dia 15 de novembro, e depois no segundo turno, e todos conosco no dia 15 de março em 1990, conto com vocês e vamos para a"
religiao,"te da república? eu procurei fazer aqui as minhas observações no mais estrito de desses minutos, que o regulamento me concede. eu não estou numa causa pessoal. deus está na insima e sabe que nós temos o documento. a minha mulher também, a neusa, minha companheira de mais de 35 anos, 15 anos de esílio, ela também sabe. ago"
religiao,"ís, precisa, você não pode errar. escolhe entre nós aquilo que é capaz, realmente de dizer o não que você tem abafado no teuteito há tantos anos. é isso. e que deus nos se dessegurança para essa grande decisão, porque o nosso país precisa muito de nós. a ullo gosta de dizer apenas um detalhe. não, eu sou criado o constran"
religiao,"o dirigente sindical, é o mais importante que tinha no pdt, que era o companheiro que já morreu, o juarez antônio, esse prefeito volta à redonda, era ligado a culto e defendia ponto de vista de que era preciso libertar o máximo possível o movimento sindical. eu não sei a um de capital, mas a projeatura sobre os outros. eu"
religiao,"e não, induzindo você um voto útil, tentando desistabilizar a democracia de primeiro e segundo turno? olha, não vote pro protesto. vote com convicção, vote com fé, vote acreditando de que aquele candidato seu realmente usa amigos que estão com ele. aqueles que realmente estão na sua vice-presidência não vieram de conchá"
religiao,"vi no seu lula poder ser virador, não vi ele poder ser prefeito, não foi secretário de estado, não foi o governador, não foi ministro de estado, já entra como padre, não quer ser bispos, ou ar-ci-bispos, cadê eu já quer ser papa. então eu recomendaria, dos últimos debates, que os solucionais de lula do ácido me desculpen,"
moralidade_sexualidade,"riências. por exemplo, um filho nosso pode talvez se envolver com drogas. então, eu pego no paciore, não como o candidato apresente da repulca, mas como pai de família para que a gente ocunheça melhor. se um filho seu se envolver com drogas, qual seria a sua atitude como pai orientando ou reagindo o dia de disso na intimidad"
moralidade_sexualidade,"nitrini do sbt, ao candidato paulo marufi. comitário do candidato mario covas. sou paulo marloufio, se eu tenha se apresentado como um homem correto, sério, de família, profundamente religiosa, agora pouco, reiterou que pretende dar segurança a família, a dona de casa. mas durante a campanha, o seu teve na baixa, da fluminen"
moralidade_sexualidade,"ulo marloufio, se eu tenha se apresentado como um homem correto, sério, de família, profundamente religiosa, agora pouco, reiterou que pretende dar segurança a família, a dona de casa. mas durante a campanha, o seu teve na baixa, da fluminense, e participou de um almoço com banqueiros do jogo do bicho, que aliás estão apoian"
moralidade_sexualidade,"ular já o apelidou de lula beca, o nome da sua candidatura. o seu lula pode saber que a resposta do seu terra e quanto essa denúncia que seu fez contra a minha família. o seu deveria trazer era o processo e não somente uma página de jornal. e minha gente, você pode ter certeza que nós estamos aberto para debater porque graça"
moralidade_sexualidade,"ê pode ter certeza que nós estamos aberto para debater porque graças a deus não temos nada que esconder e nem nada de negar o nosso passado muito menos a minha família, porque a minha família sempre teve uma posição clara com todos os momentos políticos do meu estado. agora nunca foi manipulada, nunca foi fanpoche, nunca foi"
moralidade_sexualidade,"ós estamos aberto para debater porque graças a deus não temos nada que esconder e nem nada de negar o nosso passado muito menos a minha família, porque a minha família sempre teve uma posição clara com todos os momentos políticos do meu estado. agora nunca foi manipulada, nunca foi fanpoche, nunca foi comparado um pêndulo qu"
moralidade_sexualidade,"ão suportar as ideias contrarias. mas não teve importância. valeu, valeu porque eu sentia a alegria nas ruas, sentia a alegria dos jovens, sentia a alegria das famílias, sentia a alegria das crianças que se transformarem a alegria da nossa campanha, pois amam a liberdade e tem sensibilidade para isso. se uma alegria que os jo"
moralidade_sexualidade,"r prefeito de são paulo, depois que governar são paulo, eu acho que são antecedentes indispensáveis. ninguém nasce sabendo. ninguém nasce sabendo se não é como costumo dizer popularmente, vai comer pela mão dos outros. e isso é muito perigoso. é o que aconteceu com o sarnay. assumiu e passou a comer pela mão de uma espécie d"
moralidade_sexualidade,"riência, e não é fora do país, é dentro do brasil, em que mesmo sendo contraversão, está na lei, mas isso é uma lei que foi derrogada pela prática social, pelo costume, e é bom ver qual costume que tem dado melhor resultado. não é a legalização ainda, mas é pelo menos a aceitação de que o jogo do bicho existe, e não deve ser"
moralidade_sexualidade,"aís, é dentro do brasil, em que mesmo sendo contraversão, está na lei, mas isso é uma lei que foi derrogada pela prática social, pelo costume, e é bom ver qual costume que tem dado melhor resultado. não é a legalização ainda, mas é pelo menos a aceitação de que o jogo do bicho existe, e não deve ser reprimido até para justif"
moralidade_sexualidade,"eto de governo, me apresentei na campanha para debatear ideias, exatamente respeitando os contrarios, não participei do conchavo nem do jogo baixo daqueles que costumam para crescerem tentar diminuir seus pares. com invernades, um júria, um calúnia, um de formação, cuipocresia. eu sofri, sim. sofri na hora que quiseram chamar"
moralidade_sexualidade,"iso me dizer como é que quais as características que envolvem o caso para então poder tomar uma decisão não há uma fórmula nesse aspecto. há algumas nações que tradicionamente agem diante de fato como esse segundo um único horizonte. e eu não sou assim. eu acho que em cada circunstâncias dessa, a canalizar todos os envolvimentos e,"
moralidade_sexualidade,"antos, ao rejeito de militar dizendo que queria aquelas concessões, porque pretendia defender os princípios do regime. quer dizer, nós convivemos. eu tenho uma tradição de defesa da liberdade de imprensa. eu lutaria o governo por um processo de democratização dos meses de informação. já no primeiro dia eu quero questionar o m"
moralidade_sexualidade,"iramente o que o seu amarecova se acabou de dizer isso. acrescentando, dois aos metros, o primeiro de que, como governante, como homem público, eu estendo essa generosidade, esse amor a todos os jovens que tiverem a massorte, a desdita de cair nas malhas, desses vícios, porque eles realmente merecem dos governantes de toda a soci"
democracia,"primeira parte do candidato guilherme e a fife do migos. é o que eu queria ouvir, opinião do brasólogo. a respeito um ponto que é de liberdade de imprensa, de liberdade de expressão, e eu que sou um liberal e defendo sempre a liberdade de expressão, como é que ele veria atitude de um candidato, como no caso, covas, que pediu censura prévi"
democracia,"u queria ouvir, opinião do brasólogo. a respeito um ponto que é de liberdade de imprensa, de liberdade de expressão, e eu que sou um liberal e defendo sempre a liberdade de expressão, como é que ele veria atitude de um candidato, como no caso, covas, que pediu censura prévia no meu programa de televisão, que eu iria inserir no último dia u"
democracia,"no limiar do século 21, mostrando que hoje o mundo clama por liberdade e que todos os povos estão buscando um novo caminho libertando o povo e garantindo a sua liberdade de expressão. eu sou um liberal. e como liberal sofri? sofri porque me apresentei na campanha com um projeto de governo, me apresentei na campanha para debatear ideias, ex"
democracia,"os, candidatos que inclusive eram contra a candidatura civil santos, como brisola, como lula, como mario cobas, outros como eu que não empugnou, mas estão aqui democracia, e estamos todos juntos na mesma casa, debatendo democráticamente. e eu acho que este dia, um dia muito importante, estamos a três dias da eleição, e vamos fa"
democracia,"aqui junto com, vamos dizer, silvio santos, que nós tois presentes, porque a justiça não permitiu, mas seria muito bom que ele tivesse aqui presente, porque a democracia exige que o povo na urna é que escolha o seu candidato, né? e se eu tiver na presidência, silvio santos, eu ataco a gente na presidência também. o senhor está"
democracia,"ades sendo instrumentos de divisão do povo. reflectões como essa não são sejam vencedoras ao povo brasileiro. muito obrigado, governador. e já que sua falou em democracia, para ser bem democrático mesmo, falta ouvir o antes do debate, o candidato luiz e o nácio lula da silva, o candidato lula, do partido dos trabalhadores, o me"
democracia,"todas as ruas laterais a praça da cé, daí porque eu acho que era humanamente impossível fazer um comício maior do que não fizemos dois na praça da cé, mas como democracia isso, cada um falou o que quer, o comandante falou que só tinha 30 mil na praça da cé, e eu sinceramente vou convidar o comandante para imediar praça da cé, o"
democracia,"to e pouco, eu acho que eu quero comentar um assunto que acho que está na ordem do dia. o problema, por exemplo, que nós temos dizendo aqui uma demonstração de democracia, que presente o lula, que falou mal dos silvio santos, daqui na televisão dele, diz que ia acabar com o silvio santos uma ta aqui na televisão dele. daqui o m"
democracia,"o povo brasileiro. muito obrigado, seu abrizola enorme do sistema brasileiro de televisão que realizando esse debate pensa estar servindo a tele-espectador e a democracia. o outro aparte foi solicitado pelo candidato mario partos. o regóno, sem sujionalista, pode ficar satisfiado com a resposta. está me parecendo o final da res"
democracia,"r, o compromisso básico, e que essa campanha do seu ex-sector tem que ter, é que não volte, nem ditadura tipo de estado novo, nem ditadura militar de 64, que a democracia seja algo do nosso cotidiano, e que seja permanente. o outro aparte é do candidato do pl, de lermi, a fife e do migos. eu quero lembrar muito bem, e lembrar,"
democracia,"kgb, de tudo isso que nós conhecemos bem pela história, eu gostaria que o senhor nos tranquilizasse. de que chegando ao poder, o senhor realmente comunga com a democracia, não de uma única, e que lá o senhor realmente não vai implantar aquilo que hoje está em prática na união soviética ou em outros países que têm o mesmo regime"
democracia,"zação que ocorre hoje no socialismo renovado, a democratização não é perno no soviétrica, mas em todo o mundo socialista, é de resultado, porque nós queremos a democracia aqui e lá também. a próxima semana, não, o senhor ronaldo caíado. no momento, no momento, o senhor não pode ter... não, o senhor, eu estou dizendo que, das ve"
democracia,"jornalista luís fernández mediat, o candidato leoneu brisola. com comentário do candidato paulo malofi. nós todos sabemos que sem uma imprensa livre não existe democracia, assim como a democracia não existe sem uma imprensa livre. e há várias maneiras de se calar a imprensa. não é só com a censura que durante muito tempo, da di"
democracia,"mediat, o candidato leoneu brisola. com comentário do candidato paulo malofi. nós todos sabemos que sem uma imprensa livre não existe democracia, assim como a democracia não existe sem uma imprensa livre. e há várias maneiras de se calar a imprensa. não é só com a censura que durante muito tempo, da ditadura vargas e também na"
democracia,"do futo do trabalho é das mãos privadas, dos detentores de terra, dos detentores de fábrica, dos detentores de capital. queremos uma sociedade que, baseada na democracia, possa ter um instrumento concreto de controle social da produção, para que se produzem bem-esque atendo necessidades humanas, e não bem-esque que vão apenas"
democracia,"essa tomada mentirosa da pesquisa de opinião pública, para que você vote no candidato deles. ou se não, induzindo você um voto útil, tentando desistabilizar a democracia de primeiro e segundo turno? olha, não vote pro protesto. vote com convicção, vote com fé, vote acreditando de que aquele candidato seu realmente usa amigos q"
democracia,"andei por esse mundo, aproveitei o exílio para observar esse mundo, consegui construir relações internacionais que me orgulham, especialmente no seio da social democracia europeia. eu me sinto seguro. eu creio que poderia tirar o nosso país do atolheiro e vou dar ao meu país ao povo brasileiro, a minha patria, aquilo que de mel"
democracia,"a de candidatos que realizaram um debate que eu considero de altíssimo nível. o sbt, ao realizar este debate, pensa ter colaborado, pensa ter contribuído com a democracia brasileira. e na quarta-feira, depois deste debate, depois de conhecer melhor os candidatos, vote bem. boa noite."
democracia,"everia ver a polícia judiciária vinculada ao ministério público e, portanto, separado do executivo. é a experiência inclusiva no norte-americano e italiana das democracias mais desenvolvidas. agora, não pode ser toda a polícia vinculada ao judiciário, porque há uma parte da polícia que é preventiva e repressiva. repressão autràf"
democracia,"estão ideologizando demasiadamente as questões do campo e fazendo também a violência da invasão das propriedades. um governo lucido que realmente trabalha pela democracização da propriedade que protege os seus camponeses sem terra, que usa a socie, que não permita que se faça a violência contra eles e que trabalhe de uma forma comp"
democracia,"o banco não é apenas no sistema socialista. nós conhecemos sistemas capitalistas que têm bancos estatizados. mas nós temos uma posição que é, num dos termos da constituição brasileira, criar uma legislação do sistema financeiro que faça com que banco volto exercer o papel para o qual existe e para o qual foi criado. o banco capta"
democracia,"ra viabilizar produção. o sistema financeiro que nós pretendemos é que o banco volta exercer essa sol função. se isso não for possível, dentro das normas que a constituição hoje admit com a participação de bancos privados, nós veremos para a estatização. nós não temos isso como princípio, mas também não nos fortaremos de dizer qu"
democracia,"rra em nosso governo. agora o candidato maricovas faz a sua replica final. eu estrager a pergunta realmente. eu não prendi a mais adiante. o dispositivo 52, da constituição do articinto, é o seguinte, a prática do racismo constitui crime na fiançava imprescritível. suja e tapena de reclusão nos termos da lei. o 54 diz o seguinte,"
democracia,"te é do candidato do pl, de lermi, a fife e do migos. eu quero lembrar muito bem, e lembrar, o companheiro roberto ferre, que na verdade foi feito um acordo na constituição, e foi mantida a estrutura na crúnica do siliconizm o brasil, mantido a unicidade sindical, e posto sindical, e este foi um acordo feito, pelo partido comunis"
democracia,"o foram aqueles articulados na época da ditadura. o comentário de um minuto é do candidato paulo maluf. quando eu for presidente, o que vai valer eu respeito à constituição. os aparelhos de repressão e absoluto existiram, o que vai existir uma ordem constitucional, o exército, marinho aeronautica, com a sorte constitucional, a po"
democracia,"r, não, não, não, sou respondo depois o próximo aparte de um deputado guilherme afife do mico. por utiliza a colocação sobre o polícia, e eu sei que na própria constituição nós tivemos uma preocupação e foi um dos capítulos mais importantes, foi a garantia dos direitos individuais e coletivos. eu tenho um ponto de vista e vamos f"
democracia,"eiro de ter sido omiso quando ele sabe que não foi, porque não era a medição em termos de presença em plenário que se media a participação de um parlamentar na constituição. eu não poderia ser chamado de omiso com a projeção que eu tive exatamente nos trabalhos da constituição, defendendo o quê? as ideias liberais do choque de ca"
democracia,"nário que se media a participação de um parlamentar na constituição. eu não poderia ser chamado de omiso com a projeção que eu tive exatamente nos trabalhos da constituição, defendendo o quê? as ideias liberais do choque de capitalismo que depois ele infelizmente ou não sei por quê, absorveu do seu discurso. cometário é do senado"
democracia,"conseguiu dar o golpe de aprovar o engenho, mudou praticamente tudo que a gente tinha avançado na comissão distematização. eu acho que se nós tivessem oceito à constituição tal como estava na comissão distematização, eu penso que o povo brasileiro tinha ganhado muito, obviamente que apenas alguns poucos tinham perdido, mas a maio"
democracia,"srespeito para um colega, dizer o seu estelhéusente, quando o seu me viu ao seu lado, lutando para que nós tivéssemos realmente uma participação mais aberta na constituição. e o senhor também não pode dizer que eu sou o miso quando eu apresento 116 emendas e aprovei 34 que o senhor apresentou só 24 e aprovou só 12. este é a afere"
democracia,"apresenta uma performance ridícula como essa, pois na verdade o senhor preferiu muito mais, jogar em cima do muro para jogar nos dois lados, ter uma atitude na constituição e depois falar de choque de capitalismo, senador colvas. a próxima coisa, por gente, beza, nós estamos permitindo que o debate flua normalmente, mas eu peço m"
democracia,"te no estúdio da vila guilherme, no estúdio do sbt, aqui na vila guilherme em são paulo. primeiro candidato que chegou esta noite para o último debate antes da eleição de queijo de novembro, foi o candidato do pcb, o candidato roberto freire, que hoje estava no nordeste. sou ouvido no nordeste para são paulo hoje. está bem r"
democracia,"stão aqui democracia, e estamos todos juntos na mesma casa, debatendo democráticamente. e eu acho que este dia, um dia muito importante, estamos a três dias da eleição, e vamos fazer um debate de automígrafo. o dr. paulo, eu não quero estragar a evento às surpresas que os eurotalvez têm para o debate, mas por que só traz tan"
democracia,"itar tem duas caras, porque viu duas praças da cé diferente, porque eu participei de todos os eventos até agora na praça da cé, participei de todos os comistas eleições diretas e eu sinceramente não posso concebir a ideia de que na praça da cé, no dia 25 de janeiro de 84, de 84, tinha 10 ver mais jeito do que hoje na praça da"
democracia,"oi o que todos os candidatos fizeram, procurando encerrar a campanha nos seus redutos eleitorais para garantir a presença de público nesta última hora antes da eleição do dia 15 de novembro. nosso de mais alguns instantes começa portanto aqui pelo sbt, a hora da decisão com todos os candidatos que comparecerem os todos os ca"
democracia,"neste momento, já depois que expusemos nossas ideias, nosso programa, nas nossas propostas, devíamos fazer a nossa reflexão. tem o chance, tem o chance nessas eleições? tenho não tenho. daria o pouco disso. eu estou em condições de tirar esse país do atoleiro, eu tenho experiência, eu seria a maior parte de empurra a minha p"
democracia,"espero que o povo possa escolher aquele que ele entenda que tem mais capacidade, é nessa expecto que eu me vim pro mais capaz de esconder data que concluem as eleições em 1989. é essa é demais. agora o jornalista luís perdo, emediato, faz a sua pergunta ao candidato paulo maluf. é por isso que não pode ser. com comentários d"
democracia,"ossa. o armado falcão é coisa nossa. o que não havia isso? todo dia, a guerra é a canal do televisão. e eu acho que o tribunal deu uma lição, demoralização nas eleições. eu acho que o tribunal agiu corretamente, em empugna, tenda atura, do sido santos, porque parava dúvida de que havia sido comprado uma legenda. parava, era q"
democracia,"to mais sério do que um programa da auditoria. portanto, é importante daqui para frente, ele toma essa lição e nunca mais cometei a besteira que cometeu nessas eleições. está encerrado esse primeiro bloco de pergunta. nós voltamos daqui a pouco com a hora da decisão. voltamos ao diabro de sbt, em são paulo com a hora da decis"
democracia,"decisão. nós voltamos ao teatro do s.d.t.s. paulo, onde estamos realizando a hora da decisão, o último debate entre os presdenciáveis, neste primeiro turno das eleições presdenciais de 1989. vamos a mais um bloco de perguntas e a primeira pergunta vai ser feita pelo jornalista. sergio rondino, alcantedato do pcb, roberto frey"
democracia,"dura e repressão, eu gostaria de perguntar o seguinte. o pcb foi evidentemente muito atingido pela repressão durante o regime militar. no caso do senhor vencer eleição e chegar ao poder, os órgãos repressão continuarem a insistir e em caso positivo para que seriam utilizados. aqui eles iriam reprimir. antes de responder a pe"
democracia,"ora da decisão. e voltamos com a hora da decisão, o último debate entre os presidenciáveis entre os candidatos à presidenta república, neste primeiro turno das eleições de 1989. a pergunta agora é de sergio rondino, jornalista do sbt, ao candidato guilherme afife do mimus. com comentários do senador mario covas por favor. dep"
democracia,"leito lida e o regimento já estava aprovado, portanto não fui ao que for mulher. se quiser, eu posso lidar as datas das respectivas aprovações e da respectiva eleição da liderança. segundo lugar, as indicações que eu fiz na comissão do sistema de saçã não era constituída só de relatores. liga-se de passagem, havia oito rela"
democracia,"stados. eu concedo o direito de resposta. o seu lula e pesco seja o final do nosso tempo. mas eu não vou nem responder. eu vou nunca dizer que eu vou ganhar as eleições com o visual. eu não vou se cantar. eu não vou te dar. e acho que se enrescer os outros vistas, obviamente eu acho que poucos candidatos têm um vici da compet"
democracia,"ilvio santos, que nós tois presentes, porque a justiça não permitiu, mas seria muito bom que ele tivesse aqui presente, porque a democracia exige que o povo na urna é que escolha o seu candidato, né? e se eu tiver na presidência, silvio santos, eu ataco a gente na presidência também. o senhor está do lado esquerdo aqui de"
democracia,"gime. é um civil frota talvez tenha sido o do mais expressivo que era um ministro da guerra, o ministro exército, que para ter sido presidente. e tentou até um golpe. teve um comandante aqui de segundo exército, é de nardo davos, que teve que ser exonerado em função de mortes que ocorreram no doi código. mas isso não signi"
democracia,"e não dentro da realidade de uma visão mais liberal, de uma visão mais voltada à realidade da sociedade e o principal negociada no plenário, o que foi feito no golpe do regimento, era a comissão faria um projeto e este projeto ia para plenário e teria que ter 280 votos para derrubar aquilo que estava escrito por um grupo p"
democracia,"uê? as ideias liberais do choque de capitalismo que depois ele infelizmente ou não sei por quê, absorveu do seu discurso. cometário é do senador mario covas. o golpe de regimento aqui à lua de deputada fisch não tem conta que o regimento foi aprovado antes de o senê leito lida. eu fui a leito lida e o regimento já estava a"
democracia,"pode ser lhesar, chequei isto, represento uma presença efetiva, então realmente uma presença efetiva. pogitiliza. as empolgadas. perdiu o chocrasamento. não há golpe nenhum da sistema de sação. o que houve foi uma inversão completa, acontecida pela primeira vez na história de uma constituinte e do parlamento, quando, depoi"
democracia,"scutido a fundo, cada questão. uma pressão era muito grande do movimento popular em cima dos constituintes. lamentablemente depois que o centro conseguiu dar o golpe de aprovar o engenho, mudou praticamente tudo que a gente tinha avançado na comissão distematização. eu acho que se nós tivessem oceito à constituição tal com"
corrupcao,"o. eu vou querer o meu tempo. o que eu quero deixar claro é o seguinte, é que eu tenho recebido dezenas de telefonemos. eu estou estar receito da quantidade de corrupção nas prefeituras do pt nos países afórticos. o estado não me ama disso aqui, olha a pressão dos fiscais do pt para exigir dinheiro para a candidatura do seu lu"
corrupcao,"o brasil para comprar uma quinária, para fazer galpões e instalarções. um senador da p***. isso não é tráfico de influência, isso não é imoralidade, isso não é corrupção. e o que é grave, senhor kazói? o senhor sabe que era o visse do senhor caiado na presença do banco do brasil, dando o impresso para o visse do lula. o pt est"
corrupcao,"do bicho no brasil é como a favela, é como muitas vezes procura um colocar esse problema da droga, é uma penumbra através da qual atua a violência policial e a corrupção. por que não legalizar o jogo do bicho, não oficializá-lo, tirar das bondes banqueiros, essa massa de dinheiro, circulando ilegalmente, corrompendo, por que n"
corrupcao,"tem dado melhor resultado. não é a legalização ainda, mas é pelo menos a aceitação de que o jogo do bicho existe, e não deve ser reprimido até para justificar corrupção de certos setores da polícia, porque é bom também a gente não meter toda a polícia. vamos meter parte dessa polícia que faz da contravenção e da repressão uma"
corrupcao,"ma de ganhos e listos. por exemplo, no estado de perlan buc, o jogo do bicho é quase que legalizado, é quase que oficializado, e lá não existe esse processo de corrupção, e melhor ainda não existe a vinculação clara com o tráfico de drogas, com outros tipos de listos, esse sim, que tem que ser reprimido muito africazmente. mas"
corrupcao,"ntraversão, mas está na prática do povo brasileiro, então que se fio oficialize, que existe o ministério da fazenda fiscalizando e que os lucros não vão para a corrupção, mas que os lucros veiam para um objetivo absolutamente social, ou seja, dar educação ao nosso japonês. é preciso nesses assuntos, não perdoa as caras, gil. é"
corrupcao,"ado meu, treinando guerrilha na libia. se estivesse associado meu, explodindo o bradezco em recife. se estivesse associado meu, participando de tanta propina e corrupção como hoje nós estamos vendo as administrações do pt. então eu posso garantir uma coisa. a um meu passado é línco e a minha posição. sempre foi realmente crist"
corrupcao,"com todos os momentos políticos do meu estado. agora nunca foi manipulada, nunca foi fanpoche, nunca foi comparado um pêndulo que ossilava entre a burrice e a corrupção. mas sim, uma posição definida reta sabendo norte que nós deveríamos realmente levar os estádigos reais e o desenvolvimento daquela região do país. a próxima"
corrupcao,"r presidente da república? antes, bói, eu gostaria de passar a você, infelizmente eu não posso citar o nome para o mundo da direita, a réplica, uma denúncia de corrupção também na prefeitura de são joão do triumflo paraná, para a imprensa com toda a liberdade que tem, para saber o quanto tem me chegar a multimamente. e a gente"
corrupcao,"sse associado meu, treinando guerrilha na libia. se estivesse associado meu, explodindo o bradezco em recife. se estivesse associado meu, participando de tanta propina e corrupção como hoje nós estamos vendo as administrações do pt. então eu posso garantir uma coisa. a um meu passado é línco e a minha posição. sempre foi rea"
corrupcao,"á querendo, na verdade, um pretesto, preocupado, o segundo turmo, um pretesto, não vai apoiar, porque briga muito com a lula, porque ele é jovem, eu peguei uma desvívida no rio grande do sul, que diz o seguinte, muda o nosso destino, não vote no ordesteino, não pode ser contra o colo, porque o colo não é no ordesteino, é cario"
corrupcao,"o, porque o colo não é no ordesteino, é carioca, isso só pode ser contra o lula, roberto ferre, porque são muito anos, o destino da campanha, está colocado uma desviva aqui. isso deve ser do pt. pois é, deve ser do pt, na mesma forma. ele vai levantar e gritar o destino. acho que é tipo de coisa, apenas para ilucidar essa qu"
corrupcao,"? então o caso não está concluído, não? e eu posso dizer uma coisa. ajustiça no brasil e está aberta para receber queixas de pessoas honestas e sérias e não de corruptos e incompetentes. comentário, de um minuto do candidato luiz e nasso lula da silva? eu não deveria nem comentar, mas desse caso, por dois motivos básicos. prim"
corrupcao,"bicho. então quem ganha com o jogo do bicho? vamos aqui falar linguagem da verdade. quem ganha com o jogo do bicho e a polícia, na maioria das vezes, imoral e corrupta, que dá proteção a uma contraversão. ou certos governadores ou ex-governadores que cobraram pedagem do banqueiro do jogo do bicho. então eu proponho que, se t"
corrupcao,", para financiar as bolsas dos alunos pobres que não podem estudar, em vez de engordar a polícia, em vez de engordar certos ex-governadores, em vez de engordar corruptos, que o jogo do bicho secundou um negócio como outro qualquer, uma casa lotérica, onde seja fiscalizado pelo ministério da fazenda, tenha contabilidade, pague"
fake_news,", o comandante falou que só tinha 30 mil na praça da cé, e eu sinceramente vou convidar o comandante para imediar praça da cé, outra vez, ela prender deixar te mentiroso. ok, muito obrigado. bom, resta apenas o candidato do psdb, mario covas, que hoje estava encerrando a sua campanha eleitoral na cidade de santos, mario covas,"
fake_news,"a desse país, não apenas a influição do vaporitar. agora, vamos ter até que começar a recontar a história da raça negra no brasil, porque está contada de forma mentirosa hoje, contar a história dos nossos índios, é preciso que façamos o rei de tudo da história do brasil, consequentemente, um rei de tudo da questão da atuação d"
fake_news,"icaram uma injustiça clamorosa contra mim, mas foram honestos. eu dei uma declaração por inteiro na segunda-feira e eles permitiram que o meu desmentido faz as mentiras da folha de são paulo tivesse o mesmo destaque. lembra que eu, presidente da república, a imprensa pode criticar, pode elogiar, eu vou ser um homem como sempr"
fake_news,", do voto de marmita, aquele que o cidadão já recebia a sede da pronta, tem agora o voto da pesquisa. esse voto é o que eles tentam induzir a você, essa tomada mentirosa da pesquisa de opinião pública, para que você vote no candidato deles. ou se não, induzindo você um voto útil, tentando desistabilizar a democracia de primeir"
fake_news,"eu, por exemplo, não me considero melhor do que ninguém, mas não abro o mão do meu passado. temos que examinar quais de nós que cometeu os mais erros, que mais enganos cometeu. eu espero que esse debate proporciona todos nós, então estas respostas. cada um apresenta as suas credenciais, que abra a sua mochila aqui hoje e mos"
fake_news,"to caíado. a polícia já disse, está nos jornais, que o senhor fez uma denúncia sem fundamento contra o pt, no caso loubeca. o pt agora pretende processá-lo por calúnia. só não acha que uma denúncia daquele tipo exigiria por almas mais concretas? o que eu disse, eu levei o depoente a polícia federal e ele depois. agora o que"
fake_news,"tando os contrarios, não participei do conchavo nem do jogo baixo daqueles que costumam para crescerem tentar diminuir seus pares. com invernades, um júria, um calúnia, um de formação, cuipocresia. eu sofri, sim. sofri na hora que quiseram chamar de omíso, alguém que exatamente lutou para que nós tivéssemos a liberdade de po"
saude,"sti, funcionar, a boacarta, que é eles, a senhora dos silvio santos, escreveu para ele, dizendo que gostaria que ele atuasse na área social da casa própria, da saúde pública, da comida, da previdência social. olha, se depender de mim e depender da vontade do povo, silvio santos vai estar comigo trabalhando. é uma agogia, ele traba"
saude,"donaíris, a senhora do seu sivio santos, que o, inclusive, estimulou a ir para a vida pública para atender a parte social, que é para de casa própria, comida, saúde pública e educação, e eu quero que eleiterar, que eu, na presidência da república, pela vontade do povo e pela minha vontade, sivio santos estará do meu lado, na pres"
saude,"na. não é resolver o problema da inflação que está comendo o seu salário, não é resolver o problema da dívida interna, não é resolver o problema da educação da saúde pública, da posantadoria, não é resolver o problema da casa própria. tudo isso vocês viram, e eu tenho certeza que demonstrei que um homem competente, sério, coerente"
saude,"sti, funcionar, a boacarta, que é eles, a senhora dos silvio santos, escreveu para ele, dizendo que gostaria que ele atuasse na área social da casa própria, da saúde pública, da comida, da previdência social. olha, se depender de mim e depender da vontade do povo, silvio santos vai estar comigo trabalhando. é uma agogia, e"
saude,"donaíris, a senhora do seu sivio santos, que o, inclusive, estimulou a ir para a vida pública para atender a parte social, que é para de casa própria, comida, saúde pública e educação, e eu quero que eleiterar, que eu, na presidência da república, pela vontade do povo e pela minha vontade, sivio santos estará do meu lado,"
saude,"na. não é resolver o problema da inflação que está comendo o seu salário, não é resolver o problema da dívida interna, não é resolver o problema da educação da saúde pública, da posantadoria, não é resolver o problema da casa própria. tudo isso vocês viram, e eu tenho certeza que demonstrei que um homem competente, sério,"
saude,"to que existe contra o comunismo pode ir desaparecendo? olha, já ajudou muito. eu acho que a gente já teve de percepção disso, que diminuiu sensivelmente a uma dose de respeito grande da sociedade em relação a nós comunista, eu acredito que a televisão os debates é exercer um papel importante nessa superação do preconceit"
saude,"a pergunta, eu que fui prefeito, secretário de estado, governador, depado, candidato do presidente, volta a melhor pautado, sabe? eu dei o cargo pelécio, tinha leito a isso, além foi feita, foi aprovado, inclusive, por maioria absoluta da câmara, ouve depois uma ação popular. antes que ação popular se extingui, se que ela"
saude,"seu discurso. cometário é do senador mario covas. o golpe de regimento aqui à lua de deputada fisch não tem conta que o regimento foi aprovado antes de o senê leito lida. eu fui a leito lida e o regimento já estava aprovado, portanto não fui ao que for mulher. se quiser, eu posso lidar as datas das respectivas aprovações"
saude,"rio é do senador mario covas. o golpe de regimento aqui à lua de deputada fisch não tem conta que o regimento foi aprovado antes de o senê leito lida. eu fui a leito lida e o regimento já estava aprovado, portanto não fui ao que for mulher. se quiser, eu posso lidar as datas das respectivas aprovações e da respectiva eleiç"
saude,"as do psdb. eu sou se preparou bastante com este bate, trouxe recortes de jornal, cartas e tudo mais. isso é uma rotina, eu sou um profissional liberal, eu sou médico, eu sou um produtor rural, hoje candidata a presidência da república. o que é que cara se dá danfaz ao ir para seu trabalho ou pretear um cargo ele realmente"
saude,"ma do traficante. por que você resolveu aliviar o traficante na constituíte? segundo a parte é do candidato ronaldo cañato. eu falo aqui com a experiência como médico que já viram meu consultório e já tindi dezenas de jovens, desencantados, sem esperança e sem oportunidade de emprego de vencer. e por isso, optaram por este"
saude,"ue vale exatamente o jogo das ideias e nunca uma deslealdada antietica de acusar um companheiro de ter sido omiso quando ele sabe que não foi, porque não era a medição em termos de presença em plenário que se media a participação de um parlamentar na constituição. eu não poderia ser chamado de omiso com a projeção que eu tiv"
saude,ima parte do senhor luís e nácio lula da silva. o problema é que o jornalista já iria bora em feios uma tese de próbio instrução do profundo e constatou que os médicos no brasil são utilizados de forma indevida para favorecer as classes dominantes. você tem de um lado todos os médicos comunicações utilizados na maioria do se
saude,"instrução do profundo e constatou que os médicos no brasil são utilizados de forma indevida para favorecer as classes dominantes. você tem de um lado todos os médicos comunicações utilizados na maioria do seu tempo, 55% do seu tempo utilizado para defender os interesses da classe dominante dos grupos econômicos, você tem ma"
saude,"ei dos seus amigos distribuir mais de 300 estação de radica na intelecta de televisão. se você não tem que re-ver isso para poder democratizar a utilização dos médicos do brasil, a rei que o plástico é do senhor leonel brisola. no brasil nós temos que extinguir os donos dessas empresas de comunicação, a imprensa escrita, fal"
saude,"com toda a liberdade que tem, para saber o quanto tem me chegar a multimamente. e a gente, eu sou mais um de vocês. eu não sou político profissional, eu sou um médico, sou um produtor rural, mas sabe, eu cansei de acreditar nesse homem que comandaram país. eu cansei de delegar minha voz. é esse homem que nos palanques, e no"
saude,"upos. eu acho que, neste problema de maneira geral, fico com a ideia equateza geral, sorrigo por um corrosamento contrário, apenas de morto. acho que ela não é remédio para coisa nenhuma e voa adiante. acho que qualquer crime que amanhã se prove, qualquer condinação apenas de morto, que amanhã se prove exarada contra o inoce"
previdencia,"ue é eles, a senhora dos silvio santos, escreveu para ele, dizendo que gostaria que ele atuasse na área social da casa própria, da saúde pública, da comida, da previdência social. olha, se depender de mim e depender da vontade do povo, silvio santos vai estar comigo trabalhando. é uma agogia, ele trabalhando com isso. syllable magogia,"
previdencia,"ue é eles, a senhora dos silvio santos, escreveu para ele, dizendo que gostaria que ele atuasse na área social da casa própria, da saúde pública, da comida, da previdência social. olha, se depender de mim e depender da vontade do povo, silvio santos vai estar comigo trabalhando. é uma agogia, ele trabalhando com isso. syllable m"
previdencia,"cedeu, que foi o governador que nomeou ele prefeito biônico de são paulo, o seu franco montoro, que é a senduvha de nenhuma maior marajado brasil, porque tem 5 aposentadorias, sobre todas essas irregularidades não fez processo nenhum, inclusive, no tempo do seu montoro todas essas contas foram aprovadas pelo tribunal de contes. o s"
infraestrutura,"os os queridos saberem sobre a entidade. a única aéreo se manifestará no local, tem que manifestar só por gelo e a foda. o senhor, na odr, que trabalhou na tua estrada. se tornar aqui, jorno melhor do cair, não é uma coisa, não é fluco se cheio de hoje, não. está aqui o jornal de 1966, os cairados castro mais um trabalhador"
infraestrutura,"tanto, como saber o que é o transporte, importou 150 transfranceses de mitola diferente da existência do brasil, 40 dos quais tiveram que ser vendido para rede ferroviar o federaco, pode ser aproveitado. construiu uma roda ouvia com uma dos trabalhadores que custou 350 milhões de dólares, ou seja, 6,4 milhões de dólares do qui"
infraestrutura,"me. são eles roberto freire, paulo malufi, a fife do migos e ronaldo do caíado. o jornalista bóres casói, que vai mediar o debate, também já está no seu lugar, aguardando a presença dos demais candidatos. hoje, como é o último dia da campanha eleitoral, os candidatos se atrasaram. porque todos eles estavam fazendo comícios ou c"
infraestrutura,"90. acho que até podia acrescentar algumas outras coisas. e não o governador ficava na competência que é reconhecida, determinado, tanto, como saber o que é o transporte, importou 150 transfranceses de mitola diferente da existência do brasil, 40 dos quais tiveram que ser vendido para rede ferroviar o federaco, pode ser aprove"
infraestrutura,"isso ocorre com o filho. comentário do candidato leonel brissor. subscrevo inteiramente o que o seu amarecova se acabou de dizer isso. acrescentando, dois aos metros, o primeiro de que, como governante, como homem público, eu estendo essa generosidade, esse amor a todos os jovens que tiverem a massorte, a desdita de cair n"
agricultura,"só pelos meus companheiros, era representada por todos os partidos, fórmula o projeto, inverteu-se o processo, ou seja, se exigiu este paradóxio, a proposta de reforma agrária teve 267 votos, a favor, e 230 contra, e não foi aprovada. são paradóxios, foram paradóxios nascidas exatamente da presença do entrão. isso é o tempo de estar"
agricultura,"ra um grande desafio para poder exatamente desafiar uma estrutura da qual eu não fiz parte e nunca com ela me comprometi. compri o meu dever, fui secretário da agricultura do governo paulo maluf, fui presidente do badespe e creio que cumpri muito bem a minha obrigação, inclusive com a criação dos variejões, dos mercadões, dos sa"
agricultura,"idade do debate. eu avisei. o pt escolhia um candidato a visse. claro, queria tirar um pedacinho do eleotorado gaúcho. o senhor bízó. o senhor bízó comprou uma fazenda em minas gerais. ah, vale. até aí eu vou. mas foi tirar dinheiro no banco do brasil? sei lá. um vultusíssimo, empréstimo no banco do brasil para comprar uma q"
agricultura,"nadores, em vez de engordar corruptos, que o jogo do bicho secundou um negócio como outro qualquer, uma casa lotérica, onde seja fiscalizado pelo ministério da fazenda, tenha contabilidade, pague imposto e esse imposto, financi, é o aluno pobre, então passa a ter um objetivo altamente social. este é um oponso de vista claro."
agricultura,"em defende o contrário, é porque quem sabe, está querendo ser incomunado com a contraversão e eu não desejo, ou que eras coisas fiscalizadas pelo ministério da fazenda. quem comenta a pergunta, é o senador mario collas. eu tenho uma época de acordo com um dr. paulo malofi. eu acho que o jogo do bicho não deve sustentar a pol"
agricultura,"como corre, por exemplo, na uruguai, lá tem o jogo das quineslas, que é um jogo parecido com o jogo do bicho, corre todos os dias e está no âmbito dos serviços fazendários. por isso não tem nada com isso. querem a favela para poder sempre estar intervindo na favela, culpa tudo do guito da favela, e assim é o jogo do bicho. agora"
agricultura,"curso intensivo, descinismo. se existe isto como contraversão, mas está na prática do povo brasileiro, então que se fio oficialize, que existe o ministério da fazenda fiscalizando e que os lucros não vão para a corrupção, mas que os lucros veiam para um objetivo absolutamente social, ou seja, dar educação ao nosso japonês."
agricultura,"aqui, jorno melhor do cair, não é uma coisa, não é fluco se cheio de hoje, não. está aqui o jornal de 1966, os cairados castro mais um trabalhador castrado na fazenda, da guteo do cairado, birajara, ta aí o nativo, natividade, ta aí o padro juzinho, pessoas vinte mandam o dr. daí porque o ódio que ele tendo a lhe liar do ar"
agricultura,"rou bastante com este bate, trouxe recortes de jornal, cartas e tudo mais. isso é uma rotina, eu sou um profissional liberal, eu sou médico, eu sou um produtor rural, hoje candidata a presidência da república. o que é que cara se dá danfaz ao ir para seu trabalho ou pretear um cargo ele realmente tem que estar informado, e"
agricultura,a que infelizmente ele estava edificado quanto ao seu objetivo social por incompetência do atual governo federal. porque o banco do brasil tem que ser um banco rural. é um banco especializado para interéssimos as propriedades agrícolas. e o banco do brasil tem um funcionário estupendo para esta finalidade. a caixa econômic
agricultura,"m terra, que usa a socie, que não permita que se faça a violência contra eles e que trabalhe de uma forma competente no sentido de criar o acesso à propriedade rural como também a propriedade semi-orbana no campo. eu acho que o nosso país está necessitando de um governo com essa visão. no governo, este é o nosso sentido do"
agricultura,"tem, para saber o quanto tem me chegar a multimamente. e a gente, eu sou mais um de vocês. eu não sou político profissional, eu sou um médico, sou um produtor rural, mas sabe, eu cansei de acreditar nesse homem que comandaram país. eu cansei de delegar minha voz. é esse homem que nos palanques, e nos congresso, e até mesm"
agricultura,"o e disputei a esteleição com um programa de governo levando as minhas ideias para todo o país. pena que nos últimos debates nós não tivemos muita discussão no campo das ideias. e eu espero que este seja a oportunidade, ou esta seja a oportunidade de nós debatemos exatamente os planos das ideias e jogar o confundo pela ide"
agricultura,"silva. veja o que é desnecessário dizer alguma coisa sobre o comportamento que dá o dr. porque todo mundo sabe que depois do surgimento da odr, a violência no campo aumentou e muitos trabalhadores morreram. a cada dois dias morrem um trabalhador nesse país em função da violência. eu estudiou o mostrinho debate da bandenan"
agricultura,"az a udr. o aparte foi solicitado pelo candidato leonel brissola. o nosso país está necessitando de um governo responsável, lucido que acabe com a violência do campo, que disarme os recúrios por aí, que compram armas e que, ao mesmo tempo, puem a ordem nesses grupelhos que estão ideologizando demasiadamente as questões do"
agricultura,"o, que disarme os recúrios por aí, que compram armas e que, ao mesmo tempo, puem a ordem nesses grupelhos que estão ideologizando demasiadamente as questões do campo e fazendo também a violência da invasão das propriedades. um governo lucido que realmente trabalha pela democracização da propriedade que protege os seus camp"
agricultura,"campo e fazendo também a violência da invasão das propriedades. um governo lucido que realmente trabalha pela democracização da propriedade que protege os seus camponeses sem terra, que usa a socie, que não permita que se faça a violência contra eles e que trabalhe de uma forma competente no sentido de criar o acesso à propried"
agricultura,"e faça a violência contra eles e que trabalhe de uma forma competente no sentido de criar o acesso à propriedade rural como também a propriedade semi-orbana no campo. eu acho que o nosso país está necessitando de um governo com essa visão. no governo, este é o nosso sentido do meu comentário, nós iremos trabalhar nesse sen"
agricultura,"isso não precisamos incentivar nenhum tipo de violência. basta que há um governo que interprete a ordem jurídica, correctamente, e de assistência adequada aos camponeses sem terra, inclusive aquela assistência jurídica que eles necessitam. vamos agora a réplica final do candidato ronaldo caíado. eu, pou, você pode ter certeza"
agricultura,"ar este país da crise. e eu, com muita honra, me coloco aqui como representante do interior. sim, a força vem do interior, porque se não existir o interior, os campos, a produção não existiriam as grandes cidades, as indústrias. e hoje, se dá dão urbão para poder-mos conterem esse grau de favelamento e de violência, precisa"
agricultura,"se preparou bastante com este bate, trouxe recortes de jornal, cartas e tudo mais. isso é uma rotina, eu sou um profissional liberal, eu sou médico, eu sou um produtor rural, hoje candidata a presidência da república. o que é que cara se dá danfaz ao ir para seu trabalho ou pretear um cargo ele realmente tem que estar informado, e"
agricultura,"rdade que tem, para saber o quanto tem me chegar a multimamente. e a gente, eu sou mais um de vocês. eu não sou político profissional, eu sou um médico, sou um produtor rural, mas sabe, eu cansei de acreditar nesse homem que comandaram país. eu cansei de delegar minha voz. é esse homem que nos palanques, e nos congresso, e até mesm"
agricultura,"debate, estamos aos entes, até porque houve uma desarrumação tão grande no quadro que talvez aqueles que têm uma proposta mais claro que apresenta realmente ao terrativo, como é o caso da candidatura do pcb, da alternativa socialista, agora é o momento da grande decisão. você acha que com debates como esse pela televisão aquel"
agricultura,"e disse que eu estou agredindo por ter ódio dele, ele precisa saber que não sou eu que estão expulsando por ser lá do vale da ribeira, é ele que está agrilando terra lá. e em segundo lugar, ele tem que explicar a toda a sociedade brasileira porque que ele, que ele já é conhecimento público, se encontrou exatamente no dia d"
agricultura,"também a violência da invasão das propriedades. um governo lucido que realmente trabalha pela democracização da propriedade que protege os seus camponeses sem terra, que usa a socie, que não permita que se faça a violência contra eles e que trabalhe de uma forma competente no sentido de criar o acesso à propriedade rural"
agricultura,"samos incentivar nenhum tipo de violência. basta que há um governo que interprete a ordem jurídica, correctamente, e de assistência adequada aos camponeses sem terra, inclusive aquela assistência jurídica que eles necessitam. vamos agora a réplica final do candidato ronaldo caíado. eu, pou, você pode ter certeza que a minh"
agricultura,"será totalmente diferente da reforma agrada do pt. vocês viram a reforma agrada do pt? na favela nova república. eles jogaram sobre o pou, 300 mil toneladas de terra e mataram lá mais de 15 nocênsi. essa é a reforma agrada do pt. eu quero dizer ao seu lula que o clandestino meu é o dr. a udr tem a contabilidade para aprese"
agricultura,"a bugborne, na multinacional. essa sim e a sabedoria popular já o apelidou de lula beca, o nome da sua candidatura. o seu lula pode saber que a resposta do seu terra e quanto essa denúncia que seu fez contra a minha família. o seu deveria trazer era o processo e não somente uma página de jornal. e minha gente, você pode te"
agricultura,"iores praticamente controlam a linha de orientação da imprensa porque sustenta a imprensa. nós precisamos encontrar alternativas, nem tanto ao mar, nem tanto a terra, mas alternativas que democratize, que abram um pouco mais, os seus tempos que estão botados sobre os olhos. eu compreendo, peço de escrupo, por isso, mas ach"
agricultura,"e de uma contradição básica do sistema capitalista, de que a produção é socializada, a desapropiação do futo do trabalho é das mãos privadas, dos detentores de terra, dos detentores de fábrica, dos detentores de capital. queremos uma sociedade que, baseada na democracia, possa ter um instrumento concreto de controle social"
agricultura,"brasil, que é o muro da vergonha, o muro da miséria, o muro da fome, o muro do desemprego, o muro que tem separado 12 milhões de trabalhadores de ter acesso a terra para trabalhar. nós queremos ser, perdendo a época, porque acreditamos na possibilidade de construir uma sociedade justa, fraterna, uma sociedade igualitária,"
meio_ambiente,"s matérias, a suas matérias são reduzidas nada, apenas alguns poucos jornalistas no brasil realmente publicam o que escrevem. eu vou trabalhar para que ajam um ambiente mais dignificação dos profissionais de imprensa. por exemplo, a questão da publicidade, que chega no supermercado compra uma pastaidente. ali já está embutido"
meio_ambiente,"eu compreendo, peço de escrupo, por isso, mas acho que nós só quer os grupos mais pensamentos. na verdade, eu acho que nós necessitamos abrir, alejar mais este ambiente no nosso país, ou craquisar o sistema, não só revêndo essas concessões, como também restruturando esses grandes cogumelos de comunicações que estão aí, que es"
meio_ambiente,"atro. anteonte, perdão com o comentário do candidato lula. anteonte, o candidato caíatro, perdão, a justiça do acre decidiu que os acusados pelo assassinato do ecologista chico mendes devem ser julgados, agora no ano que vem, por um júri popular. essa morte há uma acusação de que, por trás dessa morte, existe as mãos da udr, qu"
meio_ambiente,"amos que o senhor fosse convocado para participar desse júri popular. o senhor, como jurado, absorveria ou condenaria as pessoas que são acusadas pela morte do ecologista chico mendes. quer dizer, é bem claro, senhor, emediato, que nós eu nunca me beneficiei de interrupção de nenhum inquérito o processo. a polícia federal foi f"
meio_ambiente,"mprometendo enormemente a credibilidade da campanha do senhor, a nível nacional. próxima parte é do deputado roberto freire. por准idades. eu posso até quebrar o clímax das questões e as acusações, mas eu queria discutir uma coisa bem mais séria para a sociedade, porque é o problema da pena de morte. em relação à pergunta, pr"
internacional,"dois estados, fui secretário de estado, fui prefeito de uma capital. eu andei por esse mundo, aproveitei o exílio para observar esse mundo, consegui construir relações internacionais que me orgulham, especialmente no seio da social democracia europeia. eu me sinto seguro. eu creio que poderia tirar o nosso país do atolheiro e vou dar ao me"
internacional,"dor mario covas, que vai depender da situação, porque não é apenas o sequestro interro. isso pode acontecer como presidente da república em relação, inclusive, internacional. então é importante, mas isso é caso a caso. isso não deve se ter posições de princípio, não negocia ou negocia. isso dependendo do caso daí eu concordar com"
